{"cameraMode":{"drawMode":0,"name":"Shaded","section":"Shading Mode"},"sceneLighting":true,"audioPlay":false,"sceneViewState":{"m_AlwaysRefresh":false,"showFog":true,"showSkybox":true,"showFlares":true,"showImageEffects":true,"showParticleSystems":true,"showVisualEffectGraphs":true,"m_FxEnabled":true},"in2DMode":false,"pivot":{"x":-20.117815017700197,"y":5.939077377319336,"z":10.847264289855957},"rotation":{"x":-0.06074840947985649,"y":-0.9049973487854004,"z":0.14384500682353974,"w":-0.39815276861190798},"size":0.8660253882408142,"orthographic":false}