{"cameraMode":{"drawMode":0,"name":"Shaded","section":"Shading Mode"},"sceneLighting":false,"audioPlay":false,"sceneViewState":{"m_AlwaysRefresh":false,"showFog":true,"showSkybox":false,"showFlares":true,"showImageEffects":true,"showParticleSystems":true,"showVisualEffectGraphs":true,"m_FxEnabled":true},"in2DMode":false,"pivot":{"x":-5.360743999481201,"y":2.607546806335449,"z":2.7616868019104006},"rotation":{"x":0.1973465234041214,"y":0.030212808400392534,"z":-0.008144049905240536,"w":0.9808134436607361},"size":3.0766637325286867,"orthographic":false}