{"cameraMode":{"drawMode":0,"name":"Shaded","section":"Shading Mode"},"sceneLighting":false,"audioPlay":false,"sceneViewState":{"m_AlwaysRefresh":false,"showFog":true,"showSkybox":false,"showFlares":true,"showImageEffects":true,"showParticleSystems":true,"showVisualEffectGraphs":true,"m_FxEnabled":true},"in2DMode":false,"pivot":{"x":-0.7468163967132568,"y":0.01136547327041626,"z":-0.23031312227249146},"rotation":{"x":-0.19163739681243897,"y":-0.1491241604089737,"z":0.02994498424232006,"w":-0.970572829246521},"size":1.3983708620071412,"orthographic":false}