{"cameraMode":{"drawMode":0,"name":"Shaded","section":"Shading Mode"},"sceneLighting":false,"audioPlay":false,"sceneViewState":{"m_AlwaysRefresh":false,"showFog":true,"showSkybox":false,"showFlares":true,"showImageEffects":true,"showParticleSystems":true,"showVisualEffectGraphs":true,"m_FxEnabled":true},"in2DMode":false,"pivot":{"x":0.6448378562927246,"y":2.2758824825286867,"z":-0.8435096740722656},"rotation":{"x":0.11707032471895218,"y":0.6484587788581848,"z":-0.10329722613096237,"w":0.7463316321372986},"size":3.0766634941101076,"orthographic":false}